modelo,v_in,v_out,n_params,mae_train,mae_val,mae_test
CNN,10,1,39703,0.01160452514886856,0.011821847409009933,0.011559640988707542
