modelo,v_in,v_out,n_params,mae_train,mae_val,mae_test
CNN,90,5,39703,0.00537039153277874,0.005403793882578611,0.0053305174224078655
