modelo,v_in,v_out,n_params,mae_train,mae_val,mae_test
CNN,5,5,39703,0.0053454190492630005,0.005495521239936352,0.00541201326996088
