modelo,v_in,v_out,n_params,mae_train,mae_val,mae_test
CNN,30,30,39703,0.002174846827983856,0.0021413774229586124,0.0021464875899255276
