modelo,v_in,v_out,n_params,mae_train,mae_val,mae_test
CNN,10,90,39703,0.0012337451335042715,0.0012219261843711138,0.0012478034477680922
