modelo,v_in,v_out,n_params,mae_train,mae_val,mae_test
conv1d,30,90,37575,0.0012635383754968643,0.0009226442198269069,0.001269334345124662
