modelo,v_in,v_out,n_params,mae_train,mae_val,mae_test
conv1d,30,5,42647,0.005491557996720076,0.004740894306451082,0.005602712742984295
