modelo,v_in,v_out,n_params,mae_train,mae_val,mae_test
conv1d,90,90,341271,0.0012514523696154356,0.0011049811728298664,0.0012711327290162444
