modelo,v_in,v_out,n_params,mae_train,mae_val,mae_test
conv1d,5,30,25175,0.0021610944531857967,0.00217768014408648,0.0022015455178916454
