modelo,v_in,v_out,n_params,mae_train,mae_val,mae_test
conv1d,90,1,128279,0.011804564855992794,0.010564524680376053,0.012316456064581871
