modelo,v_in,v_out,n_params,mae_train,mae_val,mae_test
conv1d,5,1,36807,0.011814344674348831,0.010570869781076908,0.012288247235119343
