modelo,v_in,v_out,n_params,mae_train,mae_val,mae_test
conv1d,10,30,39703,0.002205260330811143,0.0019427480874583125,0.0023210702929645777
