modelo,v_in,v_out,n_params,mae_train,mae_val,mae_test
conv1d,5,90,14567,0.0012641039211302996,0.0011087286984547973,0.0012709097936749458
