modelo,v_in,v_out,n_params,mae_train,mae_val,mae_test
conv1d,30,1,111959,0.011637469753623009,0.01154470257461071,0.011648952960968018
