modelo,v_in,v_out,n_params,mae_train,mae_val,mae_test
conv1d,90,30,36807,0.0021978490985929966,0.0019417022122070193,0.0023275921121239662
