modelo,v_in,v_out,n_params,mae_train,mae_val,mae_test
conv1d,10,5,118071,0.00537301879376173,0.005366964731365442,0.005294914357364178
