modelo,v_in,v_out,n_params,mae_train,mae_val,mae_test
inv_mixto,30,90,133655,0.05579378455877304,0.0877743735909462,0.10503730177879333
