modelo,v_in,v_out,n_params,mae_train,mae_val,mae_test
inv_mlp,90,90,615575,0.021145666018128395,0.04367188736796379,0.06071547418832779
