modelo,v_in,v_out,n_params,mae_train,mae_val,mae_test
inv_cnn,90,90,39703,0.02286181040108204,0.022967828437685966,0.03199688717722893
