modelo,v_in,v_out,n_params,mae_train,mae_val,mae_test
lstm_gru,5,90,120727,0.0012341500259935856,0.0012312275357544422,0.0012371022021397948
