modelo,v_in,v_out,n_params,mae_train,mae_val,mae_test
lstm_gru,10,30,120727,0.0021683445665985346,0.0021779765374958515,0.002152306493371725
