modelo,v_in,v_out,n_params,mae_train,mae_val,mae_test
lstm_gru,5,1,120727,0.011599848978221416,0.011743303388357162,0.01153562031686306
