modelo,v_in,v_out,n_params,mae_train,mae_val,mae_test
lstm_gru,30,5,120727,0.005358613096177578,0.005348243284970522,0.0054396684281528
