modelo,v_in,v_out,n_params,mae_train,mae_val,mae_test
Mixto,5,5,60055,0.005362054333090782,0.0054085771553218365,0.005349250044673681
