modelo,v_in,v_out,n_params,mae_train,mae_val,mae_test
Mixto,10,1,74775,0.011624571867287159,0.011566941626369953,0.011629692278802395
