modelo,v_in,v_out,n_params,mae_train,mae_val,mae_test
mixto,90,30,114831,0.00219550309702754,0.001943395473062992,0.0023250477388501167
