modelo,v_in,v_out,n_params,mae_train,mae_val,mae_test
Mixto,90,5,310295,0.005370800849050283,0.005370678845793009,0.005348807666450739
