modelo,v_in,v_out,n_params,mae_train,mae_val,mae_test
Mixto,10,30,74775,0.002168252132833004,0.002187427831813693,0.0021522720344364643
