modelo,v_in,v_out,n_params,mae_train,mae_val,mae_test
Mixto,10,90,74775,0.0012352060293778777,0.0012088685762137175,0.0012444963213056326
