modelo,v_in,v_out,n_params,mae_train,mae_val,mae_test
Mixto,5,90,60055,0.0012371226912364364,0.0012321496615186334,0.0012140157632529736
