modelo,v_in,v_out,n_params,mae_train,mae_val,mae_test
Mixto,30,30,133655,0.0021625685039907694,0.002216993598267436,0.002178945578634739
