modelo,v_in,v_out,n_params,mae_train,mae_val,mae_test
mixto,5,30,29639,0.0022034680005162954,0.0019447084050625563,0.0023208456113934517
