modelo,v_in,v_out,n_params,mae_train,mae_val,mae_test
mixto,30,1,50231,0.011790300719439983,0.010577482171356678,0.012301699258387089
