modelo,v_in,v_out,n_params,mae_train,mae_val,mae_test
Mixto,90,90,310295,0.0012287282152101398,0.001207858556881547,0.00122023222502321
