modelo,v_in,v_out,n_params,mae_train,mae_val,mae_test
Mixto,90,1,310295,0.011600173078477383,0.011814516969025135,0.011706902645528316
