modelo,v_in,v_out,n_params,mae_train,mae_val,mae_test
mixto,30,90,91351,0.0012580238981172442,0.00111104897223413,0.0012679011560976505
