modelo,v_in,v_out,n_params,mae_train,mae_val,mae_test
mlp,10,90,5313,0.0012471784139052033,0.001121001085266471,0.0012731015449389815
