modelo,v_in,v_out,n_params,mae_train,mae_val,mae_test
mlp,30,1,523031,0.011668631806969643,0.010615348815917969,0.012379775755107403
