modelo,v_in,v_out,n_params,mae_train,mae_val,mae_test
MLP,10,30,94999,0.002168066333979368,0.002187661826610565,0.0021520289592444897
