modelo,v_in,v_out,n_params,mae_train,mae_val,mae_test
mlp,5,5,24599,0.005490615498274565,0.004744165111333132,0.0055911121889948845
