modelo,v_in,v_out,n_params,mae_train,mae_val,mae_test
mlp,10,1,32535,0.011783313006162643,0.010583054274320602,0.012283526360988617
