modelo,v_in,v_out,n_params,mae_train,mae_val,mae_test
MLP,5,30,10263,0.002200472867116332,0.001699539483524859,0.0023308100644499063
