modelo,v_in,v_out,n_params,mae_train,mae_val,mae_test
MLP,90,5,566039,0.005371148232370615,0.005370737053453922,0.005349040497094393
