modelo,v_in,v_out,n_params,mae_train,mae_val,mae_test
mlp,90,30,1229591,0.0021954786498099566,0.001943703624419868,0.0023248910438269377
