modelo,v_in,v_out,n_params,mae_train,mae_val,mae_test
MLP,90,1,566039,0.011645439080893993,0.01172996498644352,0.011416417546570301
