modelo,v_in,v_out,n_params,mae_train,mae_val,mae_test
mlp,30,90,788759,0.0012579304166138172,0.00111147272400558,0.0012693781172856688
