modelo,v_in,v_out,n_params,mae_train,mae_val,mae_test
mlp,10,5,96023,0.005322505719959736,0.004769622813910246,0.005645060911774635
