modelo,v_in,v_out,n_params,mae_train,mae_val,mae_test
MLP,90,90,566039,0.0012297380017116666,0.001201994949951768,0.001216122880578041
