modelo,v_in,v_out,n_params,mae_train,mae_val,mae_test
MLP,30,5,212759,0.00536737684160471,0.005260900128632784,0.005439720582216978
