modelo,v_in,v_out,n_params,mae_train,mae_val,mae_test
MLP,5,90,65559,0.0012346922885626554,0.0012123355409130454,0.001249169115908444
