modelo,v_in,v_out,n_params,mae_train,mae_val,mae_test
MLP,30,30,221079,0.002157406182959676,0.0022369539365172386,0.0022003238555043936
