modelo,v_in,v_out,n_params,mae_train,mae_val,mae_test
RNN,5,30,28183,0.0021704607643187046,0.0021215041633695364,0.00219307211227715
