modelo,v_in,v_out,n_params,mae_train,mae_val,mae_test
rnn,5,5,66583,0.005486483220010996,0.004743434488773346,0.005599352065473795
