modelo,v_in,v_out,n_params,mae_train,mae_val,mae_test
RNN,10,5,28183,0.005356827285140753,0.00541312200948596,0.005383238662034273
