modelo,v_in,v_out,n_params,mae_train,mae_val,mae_test
rnn,10,1,66583,0.01178635936230421,0.010576922446489334,0.012298425659537315
