modelo,v_in,v_out,n_params,mae_train,mae_val,mae_test
RNN,30,1,28183,0.011611754074692726,0.01168726198375225,0.011650970205664635
