modelo,v_in,v_out,n_params,mae_train,mae_val,mae_test
rnn,10,90,96503,0.0012610821286216378,0.0011110956547781825,0.0012662787921726704
