modelo,v_in,v_out,n_params,mae_train,mae_val,mae_test
rnn,30,30,175671,0.0022045362275093794,0.0019443185301497579,0.0023218903224915266
