modelo,v_in,v_out,n_params,mae_train,mae_val,mae_test
rnn,90,5,187287,0.005491535644978285,0.004740826785564423,0.005614238325506449
