modelo,v_in,v_out,n_params,mae_train,mae_val,mae_test
RNN,90,30,28183,0.002159657422453165,0.0022034982684999704,0.0021511896047741175
