modelo,v_in,v_out,n_params,mae_train,mae_val,mae_test
RNN,30,90,28183,0.0012308232253417373,0.0012164510553702712,0.0012540484312921762
